Mot,example sentence,Corrected Sentence
Bankrupt,"After several years of financial struggles, the company finally went bankrupt. / The police raided the illegal gambling den and busted the operation.","After several years of financial struggles, the company finally went bankrupt. / The police raided the illegal gambling den and busted the operation."
bearish market,The bearish market led to widespread selling of stocks.,The bearish market led to widespread selling of stocks.
bullish market,Investors are optimistic about the future prospects in the bullish market.,Investors are optimistic about the future prospects in the bullish market.
cautious forecast,The company's cautious forecast reflected uncertainty in the market.,The company's cautious forecast reflected uncertainty in the market.
lasting upturn,The economy experienced a lasting upturn after several years of stagnation.,The economy experienced a lasting upturn after several years of stagnation.
lease,They signed a lease for the office space for five years.,They signed a lease for the office space for five years.
rent,The monthly rent for the apartment was due on the first of each month.,The monthly rent for the apartment was due on the first of each month.
risky decision,Investing in the volatile stock market is a risky decision.,Investing in the volatile stock market is a risky decision.
share,He owns shares in several technology companies.,He owns shares in several technology companies. (Ajout de 'share')
subsidized sector,The government invested in renewable energy as part of its efforts to support the subsidized sector.,The government invested in renewable energy as part of its efforts to support the subsidized sector.
temporary fall,The company experienced a temporary fall in turnover due to the economic downturn.,The company experienced a temporary fall in turnover due to the economic downturn.
trade imbalance,The trade imbalance widened due to increased imports of foreign goods.,The trade imbalance widened due to increased imports of foreign goods.
turn-key project,They hired a contractor to handle the turn-key project from start to finish.,They hired a contractor to handle the turn-key project from start to finish.
Ability,His ability to learn quickly impressed the teacher.,His ability to learn quickly impressed the teacher.
Abroad,She's studying abroad for a semester.,She's studying abroad for a semester.
Absolutely,I absolutely agree with your assessment.,I absolutely agree with your assessment.
Accept,The company will accept applications until the end of the month.,The company will accept applications until the end of the month.
Access,Employees have access to the building using their ID cards.,Employees have access to the building using their ID cards.
Accessible,The new website is more accessible for users with disabilities.,The new website is more accessible for users with disabilities.
