Category,Business Terms,Example Sentence
Jobs,IT technician,Could you call the IT technician to fix my computer?
Jobs,CEO,The CEO announced a new strategy for the company.
Jobs,Job seeker,Job seekers need to prepare well for interviews.
Jobs,Security guard,Please show your ID to the security guard before entering the site.
Jobs,Maintenance crew,The maintenance crew works 24/7 to fix machinery.
Jobs,Office manager,The office manager is responsible for scheduling and organizing.
Jobs,Account manager,An account manager maintains relationships with key clients.
Jobs,Intern,The new intern is doing well in her role.
Jobs,Board member,The board members attended the annual meeting.
Jobs,Graphic designer,A graphic designer must be creative.
Human Resources,Staff attendance,The HR team monitors staff attendance.
Human Resources,Give notice,Employees must give notice before leaving.
Human Resources,Appraisal,He received a positive appraisal this year.
Human Resources,Resume,She sent her resume to multiple companies.
Human Resources,Reference,Please provide a reference when applying.
Human Resources,Shortlisted,She was shortlisted for the job.
Human Resources,Recruitment,Recruitment is a key function in HR.
Human Resources,Manpower,The company needs more manpower to meet demand.
Human Resources,Clock in,Employees must clock in by 9 AM.
Human Resources,Lay off,The company had to lay off 20 employees.
Contracts & Salaries,Freelance contract,Many workers prefer a freelance contract.
Contracts & Salaries,Hourly wage,He is paid an hourly wage.
Contracts & Salaries,Overtime,Overtime is paid at a higher rate.
Contracts & Salaries,Pay slip,Check your pay slip for salary details.
Contracts & Salaries,Trial period,The new employee is in a 6-week trial period.
Contracts & Salaries,Perks,Company perks include free lunch and gym access.
Contracts & Salaries,Benefits,The benefits package includes health insurance.
Contracts & Salaries,Incentive,Bonuses act as an incentive for employees.
Contracts & Salaries,Agreement,The two companies signed an agreement.
Contracts & Salaries,Grievance,Employees can file a grievance if they have complaints.
Work Events,Employee of the month,John was voted employee of the month.
Work Events,Promotion,She got a promotion after a year.
Work Events,Fundraiser,The company held a fundraiser for charity.
Work Events,Retirement reception,They organized a retirement reception for Mr. Smith.
Work Events,Flip chart,Use a flip chart for presentations.
Work Events,Convention,She attended a business convention in Paris.
Work Events,Outing,The team had an outing at the beach.
Work Events,Chair a meeting,She was chosen to chair the meeting.
Work Events,Take early retirement,He decided to take early retirement.
Work Events,Take minutes,Please take minutes during the meeting.
Category,Business Terms,Example Sentence
Jobs,IT technician,Could you call the IT technician
Jobs,Security guard,Please show your ID to the security guard
Jobs,Job seeker,There are fewer job seekers than before
Jobs,Contractor,She works as a contractor
Jobs,Intern,The new intern is doing well
Human Resources & Recruitment,Staff attendance,Staff attendance is low
Human Resources & Recruitment,Temp agency,A temp agency offers annual leave
Human Resources & Recruitment,Clock in,You must clock in on time
Human Resources & Recruitment,Resume,Send your resume for the position
Human Resources & Recruitment,Provide a reference,Be ready to provide a reference
Category,Business Terms,Example Sentence
Workplace Environment,Open space,Many companies prefer an open space office
Workplace Environment,Cubicle,He works in a small cubicle
Workplace Environment,Co-working space,The startup rents a co-working space
Workplace Environment,Meeting room,The team is in the meeting room
Workplace Environment,Office supplies,She ordered new office supplies
Workplace Environment,Break room,Employees relax in the break room
Workplace Environment,Reception desk,Visitors check in at the reception desk
Workplace Environment,Workstation,He set up his workstation in the corner
Workplace Environment,Air conditioning,The office has air conditioning
Workplace Environment,Printer,The printer is out of paper
Workplace Equipment,Headset,The call center employees use a headset
Workplace Equipment,Whiteboard,The manager wrote ideas on the whiteboard
Workplace Equipment,Projector,They used a projector for the presentation
Workplace Equipment,Ergonomic chair,An ergonomic chair prevents back pain
Workplace Equipment,Standing desk,Some employees prefer a standing desk
Workplace Equipment,Filing cabinet,The contracts are in the filing cabinet
Workplace Equipment,Scanner,Scan the document with the scanner
Workplace Equipment,Office phone,The office phone is ringing
Workplace Equipment,Security badge,Employees enter using a security badge
Workplace Equipment,Surveillance camera,The surveillance camera records the entrance
Workplace Communication,Internal memo,An internal memo was sent to all employees
Workplace Communication,Company newsletter,The company newsletter is published monthly
Workplace Communication,Email thread,The email thread is too long
Workplace Communication,Voicemail,He left a voicemail for the manager
Workplace Communication,Video conference,The meeting was held by video conference
Workplace Communication,Phone extension,Call me at my phone extension
Workplace Communication,Instant messaging,We use instant messaging for quick updates
Workplace Communication,Notice board,The notice board displays announcements
Workplace Communication,HR announcement,The HR announcement informed us of policy changes
Workplace Culture,Team-building,The company organized a team-building event
Workplace Culture,Company policy,Company policy forbids personal phone use
Workplace Culture,Dress code,The dress code is business casual
Workplace Culture,Work ethics,Work ethics are important for productivity
Workplace Culture,Diversity program,The firm launched a diversity program
Workplace Culture,Annual performance review,Employees have an annual performance review
Workplace Culture,Employee recognition,Employee recognition motivates staff
Workplace Culture,Code of conduct,The company has a strict code of conduct
Workplace Culture,Employee handbook,The employee handbook explains company rules
Workplace Culture,Corporate social responsibility,CSR initiatives help the community
Workplace Issues,Workplace harassment,The company has zero tolerance for workplace harassment
Workplace Issues,Workplace conflict,Workplace conflict affects team performance
Workplace Issues,Overwork,Overwork leads to burnout
Workplace Issues,Lack of motivation,Lack of motivation reduces productivity
Workplace Issues,Absenteeism,Absenteeism is a problem in some departments
Workplace Issues,Toxic environment,A toxic environment affects mental health
Workplace Issues,Unfair treatment,Unfair treatment can lower morale
Workplace Issues,High turnover,The company has a high turnover rate
Workplace Issues,Micromanagement,Micromanagement makes employees uncomfortable
Workplace Issues,Job dissatisfaction,Job dissatisfaction leads to resignations
Category,Business Terms,Example Sentence
Workplace Roles,Supervisor,The supervisor monitors employee performance
Workplace Roles,Shift worker,Shift workers have different schedules
Workplace Roles,Executive assistant,The executive assistant manages schedules
Workplace Roles,HR officer,The HR officer handles recruitment
Workplace Roles,Facilities manager,The facilities manager ensures office maintenance
Workplace Roles,IT support,IT support fixes technical issues
Workplace Roles,Sales representative,Sales representatives meet clients
Workplace Roles,Janitor,The janitor cleans the office daily
Workplace Roles,Customer service agent,The customer service agent answers calls
Workplace Roles,Accountant,The accountant prepares financial reports
Workplace Relations,Colleague,She had lunch with a colleague
Workplace Relations,Supervisor,The supervisor assigns tasks to employees
Workplace Relations,Subordinate,A subordinate reports to a manager
Workplace Relations,Manager,The manager organizes team meetings
Workplace Relations,Client,The client requested a discount
Workplace Relations,Vendor,The vendor delivers office supplies
Workplace Relations,Intern mentor,An intern mentor guides new trainees
Workplace Relations,HR representative,The HR representative handles conflicts
Workplace Relations,Team leader,The team leader assigns projects
Workplace Relations,Project manager,The project manager coordinates the team
Workplace Productivity,Time tracking,Time tracking helps improve efficiency
Workplace Productivity,Workload,The workload increased this month
Workplace Productivity,Efficiency,Efficiency helps complete tasks faster
Workplace Productivity,Deadlines,Deadlines must be met on time
Workplace Productivity,Procrastination,Procrastination affects work quality
Workplace Productivity,Prioritization,Prioritization is key in management
Workplace Productivity,Task delegation,Task delegation helps teams work better
Workplace Productivity,Work pace,Some people have a faster work pace
Workplace Productivity,Meeting duration,Shorter meetings increase productivity
Workplace Productivity,Remote work,Remote work allows flexibility
Office Layout,Shared office,A shared office space is cost-effective
Office Layout,Hot-desking,Hot-desking means no assigned desks
Office Layout,Partition,Partitions create private workspaces
Office Layout,Breakout area,The breakout area is for informal meetings
Office Layout,Quiet zone,The quiet zone is for focused work
Office Layout,Conference room,The conference room is reserved
Office Layout,Reception area,Visitors wait in the reception area
Office Layout,Work pod,Some employees prefer a private work pod
Office Layout,Ergonomic setup,An ergonomic setup prevents back pain
Office Layout,Storage space,Storage space is limited in open offices
Workplace Safety,Fire drill,A fire drill was held last week
Workplace Safety,First aid kit,The first aid kit is in the kitchen
Workplace Safety,Emergency exit,Employees must know the emergency exit locations
Workplace Safety,Workplace hazards,Workplace hazards must be reported
Workplace Safety,Safety gear,Construction workers wear safety gear
Workplace Safety,Evacuation plan,The evacuation plan is in the hallway
Workplace Safety,Health and safety policy,The company follows a strict health and safety policy
Workplace Safety,Security check,Visitors go through a security check
Workplace Safety,Data protection,Data protection is essential for security
Workplace Safety,Workplace stress,Workplace stress affects performance
Category,Business Terms,Example Sentence
Work Schedules,Shift work,Shift work is common in hospitals
Work Schedules,Rotating shifts,Rotating shifts can be exhausting
Work Schedules,Flextime,Flextime allows employees to choose their hours
Work Schedules,Compressed workweek,A compressed workweek has fewer but longer days
Work Schedules,Remote work,Remote work is becoming more popular
Work Schedules,Hybrid work,Hybrid work mixes remote and office work
Work Schedules,Overtime,Oftentimes, overtime is paid extra
Work Schedules,Clock-out,You must clock-out before leaving
Work Schedules,Core hours,Core hours are from 10 AM to 3 PM
Work Schedules,Part-time,She works part-time at a café
Career Growth,Entry-level,He started in an entry-level position
Career Growth,Mid-career,Mid-career professionals often seek promotions
Career Growth,Senior-level,Senior-level employees lead important projects
Career Growth,Fast-track,She is on the fast-track to management
Career Growth,Career ladder,He is climbing the career ladder
Career Growth,Performance review,The performance review happens every year
Career Growth,Skill gap,He took training to fill his skill gap
Career Growth,Cross-training,Cross-training helps employees learn new tasks
Career Growth,Succession planning,Succession planning ensures leadership continuity
Career Growth,Professional development,The company invests in professional development
Meeting & Collaboration,Brainstorming,We had a brainstorming session this morning
Meeting & Collaboration,Agenda,The agenda was sent before the meeting
Meeting & Collaboration,Meeting minutes,She takes meeting minutes every Monday
Meeting & Collaboration,Action items,Action items must be completed by Friday
Meeting & Collaboration,Follow-up,The manager scheduled a follow-up meeting
Meeting & Collaboration,Stakeholder meeting,The stakeholder meeting is at 2 PM
Meeting & Collaboration,Conference call,We had a conference call with the client
Meeting & Collaboration,Stand-up meeting,Agile teams have a stand-up meeting daily
Meeting & Collaboration,Town hall,The CEO held a town hall to discuss changes
Meeting & Collaboration,Video call,The team joined a video call from home
Modern Work Challenges,Burnout,High stress can lead to burnout
Modern Work Challenges,Workload imbalance,Workload imbalance affects efficiency
Modern Work Challenges,Micromanagement,Micromanagement frustrates employees
Modern Work Challenges,Job insecurity,Job insecurity causes stress
Modern Work Challenges,Quiet quitting,Quiet quitting means doing the bare minimum
Modern Work Challenges,Workplace gossip,Workplace gossip affects morale
Modern Work Challenges,Digital overload,Too many emails cause digital overload
Modern Work Challenges,Multitasking,Multitasking reduces work quality
Modern Work Challenges,Work-life integration,Work-life integration is harder in remote jobs
Modern Work Challenges,Disengagement,Employee disengagement lowers productivity
